iteration,total_steps,steps_per_second,episodes,policy_loss,value_loss,entropy,approx_kl,clip_fraction,explained_variance,grad_norm,n_updates,early_stopped,step,ep_score,ep_coins,ep_crates,ep_kills,ep_suicides,ep_steps,ep_survived,ep_episode_return
1,1024,206.868766983296,0,-0.0007407230441458523,12.925376951694489,0.9140952453017235,8.774650632403791e-05,0.0,0.05709022283554077,16.13138173520565,16.0,0.0,1024,,,,,,,,
2,2048,209.14283439206778,0,-0.002880396365071647,6.070788323879242,1.0777025893330574,0.0003925529890693724,0.0,0.03736233711242676,1.9959280882030725,16.0,0.0,2048,,,,,,,,
3,3072,209.47084431429107,0,-0.009658546303398907,5.661370813846588,1.1172386035323143,0.003890206731739454,0.043701171875,0.07150083780288696,1.6548369973897934,16.0,0.0,3072,,,,,,,,
4,4096,210.60108949196936,8,-0.009443505143281072,6.952227026224136,0.9255500473082066,0.00601061374618439,0.07275390625,0.035273730754852295,3.979436930269003,16.0,0.0,4096,13.5,13.5,53.5,0.0,0.0,400.0,1.0,56.250333070755005
5,5120,211.06708043724794,8,-0.0020198989077471197,9.33763998746872,0.9802979901432991,0.0013381755779846571,0.001953125,0.03761488199234009,5.986168339848518,16.0,0.0,5120,13.5,13.5,53.5,0.0,0.0,400.0,1.0,56.250333070755005
6,6144,210.9837946610397,8,-0.004690779984230176,8.411522805690765,1.018959779292345,0.0026640287178452127,0.0302734375,0.04900169372558594,7.5918378457427025,16.0,0.0,6144,13.5,13.5,53.5,0.0,0.0,400.0,1.0,56.250333070755005
7,7168,211.1659852584723,16,-0.0012813734938390553,11.148963868618011,0.8385125510394573,0.002484478864062112,0.027587890625,0.060897886753082275,6.639416322112083,16.0,0.0,7168,12.5,12.5,50.9375,0.0,0.0,400.0,1.0,62.766931891441345
8,8192,211.18232993723365,16,-0.00264042301569134,18.297467947006226,0.8828283064067364,0.00268294831039384,0.01806640625,0.06589639186859131,12.872077390551567,16.0,0.0,8192,12.5,12.5,50.9375,0.0,0.0,400.0,1.0,62.766931891441345
9,9216,211.08971857855798,16,-0.006114596530096605,5.79761466383934,0.9640426337718964,0.002334034907107707,0.02587890625,0.10429251194000244,8.101996131241322,16.0,0.0,9216,12.5,12.5,50.9375,0.0,0.0,400.0,1.0,62.766931891441345
10,10240,211.25150839757725,24,-0.001177561396616511,13.830223739147186,0.7599554732441902,0.002141823682904942,0.02392578125,0.17437344789505005,11.127735152840614,16.0,0.0,10240,13.416666666666666,13.416666666666666,51.666666666666664,0.0,0.0,400.0,1.0,76.25560943285625
11,11264,211.36201493032144,24,-0.0036249473632778972,19.69951033592224,0.8056061863899231,0.002503643065210781,0.0234375,0.07404959201812744,18.631787598133087,16.0,0.0,11264,13.416666666666666,13.416666666666666,51.666666666666664,0.0,0.0,400.0,1.0,76.25560943285625
12,12288,211.17228032610404,24,-0.00764623616123572,10.94855546951294,0.8629980348050594,0.008114127287626616,0.154052734375,0.13067996501922607,17.541146971285343,16.0,0.0,12288,13.416666666666666,13.416666666666666,51.666666666666664,0.0,0.0,400.0,1.0,76.25560943285625
13,13312,211.19290606439776,32,-0.0012209537671878934,12.079798579216003,0.6868839673697948,0.002752075151875033,0.031005859375,0.13582277297973633,17.527929343283176,16.0,0.0,13312,14.25,14.25,54.5,0.0,0.0,400.0,1.0,90.15694266557693
14,14336,211.29821395675103,32,-0.0017904174601426348,13.018688380718231,0.6747300736606121,0.00421865819953382,0.060791015625,0.11373114585876465,24.01164022088051,16.0,0.0,14336,14.25,14.25,54.5,0.0,0.0,400.0,1.0,90.15694266557693
15,15360,211.1324534498274,32,-0.004705398721853271,12.898762464523315,0.7477486208081245,0.005562109843594953,0.084228515625,0.09102779626846313,20.52164527773857,16.0,0.0,15360,14.25,14.25,54.5,0.0,0.0,400.0,1.0,90.15694266557693
16,16384,211.12342443182433,40,-0.0013658591196872294,10.43451726436615,0.7159298025071621,0.0006536683213198557,0.00439453125,0.19906318187713623,13.867004550993443,16.0,0.0,16384,14.7,14.7,54.45,0.0,0.0,400.0,1.0,97.00256028175355
17,17408,211.2449717351387,40,-0.0016693277284502983,11.495422661304474,0.7521390728652477,0.00579532344272593,0.09765625,0.07828766107559204,26.933817267417908,16.0,0.0,17408,14.7,14.7,54.45,0.0,0.0,400.0,1.0,97.00256028175355
18,18432,211.2436880744342,40,-0.000771482489653863,9.958242535591125,0.8018351420760155,0.004297749626857694,0.039794921875,0.08048951625823975,27.67838554084301,16.0,0.0,18432,14.7,14.7,54.45,0.0,0.0,400.0,1.0,97.00256028175355
19,19456,211.16791289670823,48,0.0012222861405462027,7.940553814172745,0.6910416223108768,0.0023947052541188896,0.011962890625,0.13399261236190796,18.631366819143295,16.0,0.0,19456,14.479166666666666,14.479166666666666,54.9375,0.0,0.0,400.0,1.0,101.05561753114064
20,20480,211.25742281332654,48,-0.004193062719423324,11.295093417167664,0.6516395322978497,0.004299817461287603,0.0751953125,0.14871233701705933,18.254420399665833,16.0,0.0,20480,14.479166666666666,14.479166666666666,54.9375,0.0,0.0,400.0,1.0,101.05561753114064
21,21504,211.02954139892537,48,-0.0022244959545787424,11.852079212665558,0.735047709196806,0.0045336896073422395,0.06689453125,0.17460858821868896,26.78424820303917,16.0,0.0,21504,14.479166666666666,14.479166666666666,54.9375,0.0,0.0,400.0,1.0,101.05561753114064
22,22528,210.97206331113196,56,-0.004607880109688267,12.829746723175049,0.720337774604559,0.002853941434295848,0.041015625,0.1137533187866211,29.497187241911888,16.0,0.0,22528,14.54,14.54,55.9,0.0,0.0,400.0,1.0,110.36662979125977
23,23552,211.08418316416393,56,-0.0029487643332686275,23.07215428352356,0.582163754850626,0.004382339691801462,0.072998046875,0.13866907358169556,55.46698860824108,16.0,0.0,23552,14.54,14.54,55.9,0.0,0.0,400.0,1.0,110.36662979125977
24,24576,211.0367587804026,56,0.00433176156366244,11.239712953567505,0.7181556560099125,0.0025425562489544973,0.009765625,0.05051153898239136,26.271239571273327,16.0,0.0,24576,14.54,14.54,55.9,0.0,0.0,400.0,1.0,110.36662979125977
25,25600,210.90396642760817,64,-0.005239573831204325,7.284603089094162,0.7654269076883793,0.012976743309991434,0.271484375,0.0710134506225586,14.620831698179245,16.0,0.0,25600,15.34,15.34,58.68,0.0,0.0,400.0,1.0,121.9664022064209
26,26624,211.03275697185495,64,-0.0018310017476323992,15.722561776638031,0.5083627328276634,0.006160761069622822,0.1220703125,0.2197675108909607,32.15472346544266,16.0,0.0,26624,15.34,15.34,58.68,0.0,0.0,400.0,1.0,121.9664022064209
27,27648,211.05204434597593,64,0.00085593166295439,8.284687757492065,0.6943399757146835,0.0018765369459288195,0.001953125,0.16796743869781494,31.08450248837471,16.0,0.0,27648,15.34,15.34,58.68,0.0,0.0,400.0,1.0,121.9664022064209
28,28672,210.96887028754585,64,-0.0056508130801375955,13.453887045383453,0.7409542612731457,0.0035342933842912316,0.0380859375,0.2022947072982788,36.952603459358215,16.0,0.0,28672,15.34,15.34,58.68,0.0,0.0,400.0,1.0,121.9664022064209
29,29696,211.0133778642658,72,-0.0019432336557656527,21.725789666175842,0.4966114293783903,0.003595397331082495,0.045654296875,0.41031110286712646,45.15094558149576,16.0,0.0,29696,15.78,15.78,61.14,0.0,0.0,400.0,1.0,129.7645156097412
30,30720,210.9018410038772,72,-0.002173449465772137,7.368319272994995,0.5454188734292984,0.0042022213119707885,0.051513671875,0.30241936445236206,27.46105945110321,16.0,0.0,30720,15.78,15.78,61.14,0.0,0.0,400.0,1.0,129.7645156097412
31,31744,210.82753613508407,72,-0.009735354775330052,3.979469358921051,0.701190784573555,0.007327396804612363,0.123291015625,0.16260987520217896,15.04362766444683,16.0,0.0,31744,15.78,15.78,61.14,0.0,0.0,400.0,1.0,129.7645156097412
32,32768,210.89931665303516,80,-0.0013826432405039668,7.9377806186676025,0.4465227834880352,0.001037700945744291,0.006591796875,0.6268677711486816,36.17988285422325,16.0,0.0,32768,15.24,15.24,59.18,0.0,0.0,400.0,1.0,127.62177467346191
33,33792,210.92565888262985,80,-0.0036758376518264413,11.63032478094101,0.5311722885817289,0.006418227654648945,0.090576171875,0.37131160497665405,30.83604307472706,16.0,0.0,33792,15.24,15.24,59.18,0.0,0.0,400.0,1.0,127.62177467346191
34,34816,210.88869460326558,80,0.004940793180139735,8.622899830341339,0.7070798873901367,0.0011676776121021248,0.0,0.12422323226928711,41.336344957351685,16.0,0.0,34816,15.24,15.24,59.18,0.0,0.0,400.0,1.0,127.62177467346191
35,35840,210.92586511029714,88,-0.004237897461280227,11.87151974439621,0.5002740435302258,0.007579401295515709,0.090576171875,0.6970231533050537,38.79037117958069,16.0,0.0,35840,15.42,15.42,59.42,0.0,0.0,400.0,1.0,129.73937133789062
36,36864,210.93090016223678,88,-0.0014135747915133834,15.536380887031555,0.519560806453228,0.003211559720512014,0.030029296875,0.30097830295562744,62.882829651236534,16.0,0.0,36864,15.42,15.42,59.42,0.0,0.0,400.0,1.0,129.73937133789062
37,37888,210.87004757994137,88,-0.005255840660538524,13.337775528430939,0.5755948089063168,0.005026121260016225,0.08056640625,0.12977629899978638,37.17664882540703,16.0,0.0,37888,15.42,15.42,59.42,0.0,0.0,400.0,1.0,129.73937133789062
38,38912,210.87379305225352,96,-0.0014251737738959491,9.379657119512558,0.4565934408456087,0.0022576183182536624,0.019775390625,0.723141074180603,30.106107652187347,16.0,0.0,38912,16.22,16.22,61.5,0.0,0.0,400.0,1.0,135.42767532348634
39,39936,210.91701082133602,96,-0.005877989053260535,13.502167046070099,0.4667993951588869,0.004517801993642934,0.0673828125,0.17184633016586304,43.36326566338539,16.0,0.0,39936,16.22,16.22,61.5,0.0,0.0,400.0,1.0,135.42767532348634
40,40960,210.85034018847506,96,-5.201931344345212e-06,13.61141961812973,0.6087863147258759,0.00045488155592465773,0.0,0.1552944779396057,61.405489444732666,16.0,0.0,40960,16.22,16.22,61.5,0.0,0.0,400.0,1.0,135.42767532348634
41,41984,210.72524799038717,104,-0.0011560478451428935,10.819481432437897,0.4986811950802803,0.002343728941923473,0.031005859375,0.6579456329345703,29.287048548460007,16.0,0.0,41984,16.92,16.92,63.54,0.0,0.0,400.0,1.0,141.28214096069337
42,43008,210.71235523155096,104,-0.0009489003568887711,12.687187492847443,0.5058924611657858,0.0010995153352268972,0.0048828125,0.1628108024597168,52.72993940114975,16.0,0.0,43008,16.92,16.92,63.54,0.0,0.0,400.0,1.0,141.28214096069337
43,44032,210.681192728751,104,-0.0011674545094138011,6.308185875415802,0.5736891813576221,0.0005203895052545704,0.000732421875,0.2349568009376526,40.316423654556274,16.0,0.0,44032,16.92,16.92,63.54,0.0,0.0,400.0,1.0,141.28214096069337
44,45056,210.66448425661028,112,-0.0074641304963734,7.200508654117584,0.5829772055149078,0.005478975399455521,0.0771484375,0.6916809678077698,51.372612208127975,16.0,0.0,45056,16.84,16.84,62.62,0.0,0.0,400.0,1.0,141.19484954833985
45,46080,210.66588622980098,112,-0.003129750519292429,12.14844286441803,0.443344347178936,0.007218892787932418,0.105224609375,0.2914246916770935,92.44912257790565,16.0,0.0,46080,16.84,16.84,62.62,0.0,0.0,400.0,1.0,141.19484954833985
46,47104,210.62598777821012,112,-0.0031882249168120325,9.82293426990509,0.5789983496069908,0.00458149921905715,0.056884765625,0.2802464962005615,69.4562194943428,16.0,0.0,47104,16.84,16.84,62.62,0.0,0.0,400.0,1.0,141.19484954833985
47,48128,210.53676236671387,120,-0.0011457594810053706,11.186287224292755,0.6158464327454567,0.0005010294989915565,0.0,0.5338534712791443,53.854061126708984,16.0,0.0,48128,17.2,17.2,65.24,0.0,0.0,400.0,1.0,145.8806591796875
48,49152,210.5658932459936,120,-0.00099712930386886,17.826518714427948,0.40069666504859924,0.0017690121749183163,0.011474609375,0.14275652170181274,113.46047860383987,16.0,0.0,49152,17.2,17.2,65.24,0.0,0.0,400.0,1.0,145.8806591796875
49,50176,210.5470707865925,120,-0.0020536768715828657,15.556556761264801,0.5518316365778446,0.0012111452961107716,0.008056640625,0.30154919624328613,77.15925055742264,16.0,0.0,50176,17.2,17.2,65.24,0.0,0.0,400.0,1.0,145.8806591796875
50,51200,210.43699428434982,128,-0.0023174773959908634,10.166708052158356,0.6127663850784302,0.0005898106392123736,0.002685546875,0.3177776336669922,35.05278232693672,16.0,0.0,51200,18.08,18.08,68.5,0.0,0.0,400.0,1.0,152.70603561401367
51,52224,210.39081312167593,128,-0.00021095425472594798,13.339941442012787,0.3234966713935137,0.003221476494218223,0.051025390625,0.36110919713974,76.56838035583496,16.0,0.0,52224,18.08,18.08,68.5,0.0,0.0,400.0,1.0,152.70603561401367
52,53248,210.3689945912802,128,-0.0005963706062175333,15.331479847431183,0.5104185454547405,0.0012343050402705558,0.00341796875,0.26606935262680054,87.01745891571045,16.0,0.0,53248,18.08,18.08,68.5,0.0,0.0,400.0,1.0,152.70603561401367
53,54272,210.2975162285571,128,-0.0033748090208973736,7.115991592407227,0.5425075590610504,0.008699888267983624,0.162109375,0.4343809485435486,34.45673078298569,16.0,0.0,54272,18.08,18.08,68.5,0.0,0.0,400.0,1.0,152.70603561401367
54,55296,210.3433607534118,136,0.0005588314088527113,8.977291882038116,0.318501852452755,0.001157510054326849,0.0126953125,0.7482801675796509,72.45585334300995,16.0,0.0,55296,18.98,18.98,72.4,0.0,0.0,400.0,1.0,159.42195709228517
55,56320,210.34304976208242,136,-0.006299703934928402,4.974631190299988,0.4693692550063133,0.002112563481205143,0.027099609375,0.5041376352310181,58.3345011472702,16.0,0.0,56320,18.98,18.98,72.4,0.0,0.0,400.0,1.0,159.42195709228517
56,57344,210.30941152821154,136,-0.010331016615964472,3.1502779573202133,0.6273260116577148,0.006858066160930321,0.132080078125,0.40672528743743896,38.0537685751915,16.0,0.0,57344,18.98,18.98,72.4,0.0,0.0,400.0,1.0,159.42195709228517
57,58368,210.34188328780883,144,-0.0014530420303344727,11.66145008802414,0.4060987178236246,0.0019828754375339486,0.0283203125,0.8352932333946228,33.95576098561287,16.0,0.0,58368,18.12,18.12,70.34,0.0,0.0,400.0,1.0,154.1741160583496
58,59392,210.34049853172212,144,-0.0011781069042626768,8.067938923835754,0.49946155585348606,0.0010322296584490687,0.000244140625,0.546362042427063,54.94334805011749,16.0,0.0,59392,18.12,18.12,70.34,0.0,0.0,400.0,1.0,154.1741160583496
59,60416,210.27632606270484,144,-0.0013009409594815224,13.414788544178009,0.6041377000510693,0.0006064749322831631,0.0009765625,0.29999154806137085,80.86166244745255,16.0,0.0,60416,18.12,18.12,70.34,0.0,0.0,400.0,1.0,154.1741160583496
60,61440,210.28111874469485,152,2.565066097304225e-05,7.733860373497009,0.4210218768566847,0.0007681988631702552,0.009765625,0.8963376879692078,74.06128352880478,16.0,0.0,61440,18.6,18.6,72.88,0.0,0.0,400.0,1.0,158.00120880126954
61,62464,210.23760134756174,152,-0.0027269076672382653,12.458282947540283,0.44293331168591976,0.0005740063861594535,0.003662109375,0.36807072162628174,90.2949069738388,16.0,0.0,62464,18.6,18.6,72.88,0.0,0.0,400.0,1.0,158.00120880126954
62,63488,210.19310374878603,152,-0.0017365811654599383,7.886406809091568,0.563734732568264,0.001094326849852223,0.003662109375,0.41821902990341187,69.81585586071014,16.0,0.0,63488,18.6,18.6,72.88,0.0,0.0,400.0,1.0,158.00120880126954
63,64512,210.18904487332517,160,-0.0018327917205169797,10.07771497964859,0.4909499939531088,0.0036020133520651143,0.04443359375,0.8578550815582275,70.26018106937408,16.0,0.0,64512,19.2,19.2,75.16,0.0,0.0,400.0,1.0,162.39290924072264
64,65536,210.19125106644296,160,-0.001724965317407623,10.458053290843964,0.43598313070833683,0.000867436858243309,0.00537109375,0.44954079389572144,79.459627866745,16.0,0.0,65536,19.2,19.2,75.16,0.0,0.0,400.0,1.0,162.39290924072264
65,66560,210.1437230730569,160,-0.005924089244217612,9.170270174741745,0.5625563748180866,0.002450234635034576,0.025146484375,0.25311988592147827,68.75868964195251,16.0,0.0,66560,19.2,19.2,75.16,0.0,0.0,400.0,1.0,162.39290924072264
66,67584,210.11988494181332,168,-0.004084775078808889,8.44525071978569,0.44175657257437706,0.001556399784021778,0.01318359375,0.865222156047821,60.743004977703094,16.0,0.0,67584,19.48,19.48,76.46,0.0,0.0,400.0,1.0,164.80078582763673
67,68608,210.1472584676241,168,-0.0015692470769863576,20.908182859420776,0.38510111533105373,0.0007639019895577803,0.005859375,0.256600558757782,71.66502445936203,16.0,0.0,68608,19.48,19.48,76.46,0.0,0.0,400.0,1.0,164.80078582763673
68,69632,210.11259394122894,168,-0.0013693575747311115,6.462904334068298,0.5178809445351362,0.0008132682560244575,0.000244140625,0.48510026931762695,57.809080481529236,16.0,0.0,69632,19.48,19.48,76.46,0.0,0.0,400.0,1.0,164.80078582763673
69,70656,210.07986139556846,176,-0.0011344985687173903,7.493817001581192,0.5294940639287233,0.001165788504295051,0.005126953125,0.8664355278015137,37.42152661085129,16.0,0.0,70656,19.72,19.72,76.74,0.0,0.0,400.0,1.0,166.5341098022461
70,71680,210.11400238939677,176,-0.0014908207231201231,8.46283957362175,0.35944837518036366,0.00351977875106968,0.054443359375,0.42371004819869995,85.0429556965828,16.0,0.0,71680,19.72,19.72,76.74,0.0,0.0,400.0,1.0,166.5341098022461
71,72704,210.08868653723545,176,-0.0013294164673425257,14.919940829277039,0.4880460239946842,0.0009010885114548728,0.005615234375,0.212840735912323,76.50466430187225,16.0,0.0,72704,19.72,19.72,76.74,0.0,0.0,400.0,1.0,166.5341098022461
72,73728,210.0289558284708,184,-0.00100604014005512,7.623210698366165,0.5128225907683372,0.0002971452777273953,0.0,0.7994571328163147,71.98465776443481,16.0,0.0,73728,20.02,20.02,78.5,0.0,0.0,400.0,1.0,169.7883837890625
73,74752,210.04414655105447,184,-0.0004195000510662794,11.08225703239441,0.34639723040163517,0.0004657041426980868,0.0,0.15012884140014648,90.48621964454651,16.0,0.0,74752,20.02,20.02,78.5,0.0,0.0,400.0,1.0,169.7883837890625
74,75776,210.0278160640322,184,-0.0008890441386029124,12.571009576320648,0.4614313095808029,0.0005486684895004146,0.0,0.4306741952896118,97.52081179618835,16.0,0.0,75776,20.02,20.02,78.5,0.0,0.0,400.0,1.0,169.7883837890625
75,76800,209.9703967407846,192,-0.0018703459354583174,13.437986612319946,0.5703795552253723,0.0008197005663532764,0.0,0.45498162508010864,80.90668272972107,16.0,0.0,76800,21.24,21.24,82.6,0.0,0.0,400.0,1.0,178.2014666748047
76,77824,209.99648196731286,192,-0.0013191420875955373,14.226566910743713,0.29555341228842735,0.0007575972704216838,0.00634765625,0.38508152961730957,128.26269435882568,16.0,0.0,77824,21.24,21.24,82.6,0.0,0.0,400.0,1.0,178.2014666748047
77,78848,209.97845789057052,192,-0.0032462390227010474,19.201183080673218,0.47195878624916077,0.0013560796942329034,0.0107421875,0.3847338557243347,142.73673295974731,16.0,0.0,78848,21.24,21.24,82.6,0.0,0.0,400.0,1.0,178.2014666748047
78,79872,209.89989130617457,192,-0.0010788529471028596,6.142655730247498,0.6031314954161644,0.0005252010450931266,0.0,0.6081804037094116,53.92757886648178,16.0,0.0,79872,21.24,21.24,82.6,0.0,0.0,400.0,1.0,178.2014666748047
79,80896,209.90076896129344,200,-0.0029450358269969,14.972332060337067,0.2983389124274254,0.0014178822639223654,0.013916015625,0.8162015676498413,124.72235465049744,16.0,0.0,80896,22.78,22.78,86.08,0.0,0.0,400.0,1.0,185.8159829711914
80,81920,209.88212156838256,200,-0.001095814979635179,8.737506002187729,0.41524679586291313,0.0002293198776897043,0.0,0.4971103072166443,70.24839341640472,16.0,0.0,81920,22.78,22.78,86.08,0.0,0.0,400.0,1.0,185.8159829711914
81,82944,209.7671268795611,200,-0.010980224615195766,4.659223914146423,0.5193450581282377,0.0053687296094722115,0.091796875,0.6499365568161011,49.966812431812286,16.0,0.0,82944,22.78,22.78,86.08,0.0,0.0,400.0,1.0,185.8159829711914
82,83968,209.79377462527245,208,-0.00040238845394924283,7.956533759832382,0.31499866768717766,0.00018969437951454893,0.00048828125,0.9069004058837891,78.7279680967331,16.0,0.0,83968,22.62,22.62,86.24,0.0,0.0,400.0,1.0,185.6191500854492
83,84992,209.79471482415101,208,-0.0011525836744112894,14.37719714641571,0.4099765233695507,0.00043140580237377435,0.0,0.4951933026313782,148.54616570472717,16.0,0.0,84992,22.62,22.62,86.24,0.0,0.0,400.0,1.0,185.6191500854492
84,86016,209.70601735296762,208,-0.0007279143537743948,6.424168586730957,0.5011409614235163,0.00021303552784956992,0.0,0.5866279602050781,70.3550831079483,16.0,0.0,86016,22.62,22.62,86.24,0.0,0.0,400.0,1.0,185.6191500854492
85,87040,209.71394351888839,216,-0.001881342577689793,8.537547528743744,0.38624767772853374,0.0005737941828556359,0.00146484375,0.926480233669281,74.71625101566315,16.0,0.0,87040,22.74,22.74,86.98,0.0,0.0,400.0,1.0,186.59575927734375
86,88064,209.70821470958836,216,-0.0027619301981758326,15.108925879001617,0.39024505391716957,0.0017603741289349273,0.018310546875,0.5584229230880737,76.58332186937332,16.0,0.0,88064,22.74,22.74,86.98,0.0,0.0,400.0,1.0,186.59575927734375
87,89088,209.62295887644527,216,-0.002618533617351204,5.82478591799736,0.4870912618935108,0.0016666055598761886,0.010009765625,0.6420333385467529,32.934639781713486,16.0,0.0,89088,22.74,22.74,86.98,0.0,0.0,400.0,1.0,186.59575927734375
88,90112,209.6276515854521,224,-0.0009756254148669541,6.259955704212189,0.39980787970125675,0.0007658976828679442,0.004150390625,0.9468584060668945,42.78117626905441,16.0,0.0,90112,23.02,23.02,87.68,0.0,0.0,400.0,1.0,187.82159942626953
89,91136,209.6572358769518,224,-0.005688396675395779,6.533568739891052,0.3432650398463011,0.0033853697386803105,0.052734375,0.48317575454711914,42.873690605163574,16.0,0.0,91136,23.02,23.02,87.68,0.0,0.0,400.0,1.0,187.82159942626953
90,92160,209.62902910495532,224,-0.0015086256316863,11.160108208656311,0.43085028789937496,0.0007188735471572727,0.001953125,0.47749757766723633,65.89933946728706,16.0,0.0,92160,23.02,23.02,87.68,0.0,0.0,400.0,1.0,187.82159942626953
91,93184,209.6202963628283,232,-0.0001184600405395031,6.317407637834549,0.39979189448058605,0.0009021301375469193,0.005615234375,0.9302040338516235,38.62209939956665,16.0,0.0,93184,22.72,22.72,85.84,0.0,0.0,400.0,1.0,186.01787841796875
92,94208,209.63935651090725,232,-0.00018502262537367642,16.972308814525604,0.3647227678447962,4.946846456732601e-05,0.0,0.4897320866584778,171.42527318000793,16.0,0.0,94208,22.72,22.72,85.84,0.0,0.0,400.0,1.0,186.01787841796875
93,95232,209.58924911031158,232,-0.000752909341827035,9.02670168876648,0.497295044362545,0.0001019034389173612,0.0,0.5726260542869568,98.45486545562744,16.0,0.0,95232,22.72,22.72,85.84,0.0,0.0,400.0,1.0,186.01787841796875
94,96256,209.5638773449645,240,-0.00044326490024104714,5.15001255273819,0.5016203820705414,8.493569475831464e-05,0.0,0.9403270483016968,47.928119003772736,16.0,0.0,96256,22.86,22.86,86.2,0.0,0.0,400.0,1.0,186.61809814453125
95,97280,209.59386248240227,240,-0.00020242301980033517,12.752171516418457,0.3072579801082611,5.369800783228129e-05,0.0,0.3820597529411316,136.88858342170715,16.0,0.0,97280,22.86,22.86,86.2,0.0,0.0,400.0,1.0,186.61809814453125
96,98304,209.54892024955535,240,-0.0004975647025275975,16.897337019443512,0.4621822200715542,3.723864210769534e-05,0.0,0.5648898482322693,173.3696160018444,16.0,0.0,98304,22.86,22.86,86.2,0.0,0.0,400.0,1.0,186.61809814453125
97,99328,209.51150231357343,248,-9.907351341098547e-05,6.80435386300087,0.5467679090797901,1.4345227100420743e-05,0.0,0.8982760906219482,51.25487846136093,16.0,0.0,99328,22.76,22.76,86.12,0.0,0.0,400.0,1.0,187.46617340087892
